#,Player,Consensus,Sleeper,ESPN,Yahoo,Underdog,FantasyPros
1,Josh AllenBUF,1.2,1.2,—,—,—,—
2,Bijan RobinsonATL,2.4,2.4,—,—,—,—
3,Drake MayeNE,3.5,3.5,—,—,—,—
4,Jahmyr GibbsDET,4.5,4.5,—,—,—,—
5,Ja'Marr ChaseCIN,5.2,5.2,—,—,—,—
6,Puka NacuaLAR,6.4,6.4,—,—,—,—
7,Jaxon Smith-NjigbaSEA,7.2,7.2,—,—,—,—
8,Jayden DanielsWSH,8,8,—,—,—,—
9,Christian McCaffreySF,9.7,9.7,—,—,—,—
10,Joe BurrowCIN,10.4,10.4,—,—,—,—
11,Lamar JacksonBAL,11.1,11.1,—,—,—,—
12,Jonathan TaylorIND,12.5,12.5,—,—,—,—
13,James CookBUF,13.8,13.8,—,—,—,—
14,Caleb WilliamsCHI,14.2,14.2,—,—,—,—
15,CeeDee LambDAL,15.6,15.6,—,—,—,—
16,Amon-Ra St. BrownDET,16.3,16.3,—,—,—,—
17,Justin JeffersonMIN,17.6,17.6,—,—,—,—
18,Drake LondonATL,18.6,18.6,—,—,—,—
19,Kenneth Walker IIIKC,19.4,19.4,—,—,—,—
20,Ashton JeantyLV,20.5,20.5,—,—,—,—
21,De'Von AchaneMIA,21.2,21.2,—,—,—,—
22,Trey McBrideARI,22.3,22.3,—,—,—,—
23,Jaxson DartNYG,23.2,23.2,—,—,—,—
24,Justin HerbertLAC,24.9,24.9,—,—,—,—
25,Jalen HurtsPHI,25.3,25.3,—,—,—,—
26,Patrick MahomesKC,26.1,26.1,—,—,—,—
27,Omarion HamptonLAC,27.9,27.9,—,—,—,—
28,Malik NabersNYG,28.4,28.4,—,—,—,—
29,Saquon BarkleyPHI,29.3,29.3,—,—,—,—
30,Jeremiyah LoveARI,31,31,—,—,—,—
31,Trevor LawrenceJAX,32,32,—,—,—,—
32,Nico CollinsHOU,32.7,32.7,—,—,—,—
33,Bo NixDEN,33.4,33.4,—,—,—,—
34,Chase BrownCIN,34.5,34.5,—,—,—,—
35,George PickensDAL,35.9,35.9,—,—,—,—
36,Brock PurdySF,36.2,36.2,—,—,—,—
37,Brock BowersLV,37.4,37.4,—,—,—,—
38,Chris OlaveNO,39,39,—,—,—,—
39,Fernando MendozaLV,39.5,39.5,—,—,—,—
40,Josh JacobsGB,40.1,40.1,—,—,—,—
41,A.J. BrownNE,41.4,41.4,—,—,—,—
42,Bucky IrvingTB,42.1,42.1,—,—,—,—
43,Rashee RiceKC,44,44,—,—,—,—
44,Dak PrescottDAL,44.1,44.1,—,—,—,—
45,Derrick HenryBAL,45.7,45.7,—,—,—,—
46,Tee HigginsCIN,46.5,46.5,—,—,—,—
47,Tetairoa McMillanCAR,47.2,47.2,—,—,—,—
48,Breece HallNYJ,48.4,48.4,—,—,—,—
49,Jordan LoveGB,50,50,—,—,—,—
50,Kyren WilliamsLAR,50.6,50.6,—,—,—,—
51,Garrett WilsonNYJ,51.4,51.4,—,—,—,—
52,Luther Burden IIICHI,52.8,52.8,—,—,—,—
53,Travis Etienne Jr.NO,54,54,—,—,—,—
54,Javonte WilliamsDAL,54.8,54.8,—,—,—,—
55,Jaylen WaddleDEN,55.3,55.3,—,—,—,—
56,Davante AdamsLAR,56.5,56.5,—,—,—,—
57,Ladd McConkeyLAC,57.3,57.3,—,—,—,—
58,Colston LovelandCHI,58.4,58.4,—,—,—,—
59,Zay FlowersBAL,60,60,—,—,—,—
60,Jameson WilliamsDET,60.9,60.9,—,—,—,—
61,TreVeyon HendersonNE,61.5,61.5,—,—,—,—
62,DeVonta SmithPHI,63,63,—,—,—,—
63,Emeka EgbukaTB,63.7,63.7,—,—,—,—
64,Baker MayfieldTB,64,64,—,—,—,—
65,Jared GoffDET,65.1,65.1,—,—,—,—
66,Terry McLaurinWSH,67,67,—,—,—,—
67,Tyler WarrenIND,67.4,67.4,—,—,—,—
68,RJ HarveyDEN,68.3,68.3,—,—,—,—
69,DJ MooreBUF,69.9,69.9,—,—,—,—
70,Cam SkatteboNYG,70.8,70.8,—,—,—,—
71,Cameron WardTEN,72,72,—,—,—,—
72,Mike EvansSF,73.1,73.1,—,—,—,—
73,Carnell TateTEN,74.2,74.2,—,—,—,—
74,D'Andre SwiftCHI,75.3,75.3,—,—,—,—
75,C.J. StroudHOU,76.4,76.4,—,—,—,—
76,Quinshon JudkinsCLE,77.3,77.3,—,—,—,—
77,Tyler ShoughNO,78.9,78.9,—,—,—,—
78,Harold Fannin Jr.CLE,79.7,79.7,—,—,—,—
79,Sam DarnoldSEA,80.8,80.8,—,—,—,—
80,Christian WatsonGB,81.2,81.2,—,—,—,—
81,David MontgomeryHOU,82.7,82.7,—,—,—,—
82,Jaylen WarrenPIT,83.7,83.7,—,—,—,—
83,Kyler MurrayMIN,84.7,84.7,—,—,—,—
84,Rome OdunzeCHI,85.8,85.8,—,—,—,—
85,Jordyn TysonNO,86.9,86.9,—,—,—,—
86,Bryce YoungCAR,87.3,87.3,—,—,—,—
87,Matthew StaffordLAR,88.4,88.4,—,—,—,—
88,Tucker KraftGB,89.5,89.5,—,—,—,—
89,Courtland SuttonDEN,90.9,90.9,—,—,—,—
90,Kyle Pitts Sr.ATL,91.1,91.1,—,—,—,—
91,Daniel JonesIND,93,93,—,—,—,—
92,DK MetcalfPIT,94,94,—,—,—,—
93,Malik WillisMIA,94,94,—,—,—,—
94,Rhamondre StevensonNE,95.9,95.9,—,—,—,—
95,Michael WilsonARI,96.5,96.5,—,—,—,—
96,Makai LemonPHI,97.6,97.6,—,—,—,—
97,Jakobi MeyersJAX,98.2,98.2,—,—,—,—
98,Brian Thomas Jr.JAX,100,100,—,—,—,—
99,Kyle MonangaiCHI,100.7,100.7,—,—,—,—
100,Sam LaPortaDET,101,101,—,—,—,—
101,Dalton KincaidBUF,102.8,102.8,—,—,—,—
102,Marvin Harrison Jr.ARI,103.1,103.1,—,—,—,—
103,Tony PollardTEN,104.5,104.5,—,—,—,—
104,Rico DowdlePIT,105.9,105.9,—,—,—,—
105,Oronde Gadsden IILAC,106.3,106.3,—,—,—,—
106,Chuba HubbardCAR,107.9,107.9,—,—,—,—
107,Blake CorumLAR,108,108,—,—,—,—
108,Ricky PearsallSF,109.5,109.5,—,—,—,—
109,Alec PierceIND,110.9,110.9,—,—,—,—
110,Chris GodwinTB,111.4,111.4,—,—,—,—
111,Parker WashingtonJAX,112,112,—,—,—,—
112,Hunter HenryNE,113.6,113.6,—,—,—,—
113,Dallas GoedertPHI,114.3,114.3,—,—,—,—
114,J.K. DobbinsDEN,115.9,115.9,—,—,—,—
115,Mark AndrewsBAL,117,117,—,—,—,—
116,Jake FergusonDAL,117.1,117.1,—,—,—,—
117,Dalton SchultzHOU,118.6,118.6,—,—,—,—
118,Jordan AddisonMIN,119.8,119.8,—,—,—,—
119,Ty SimpsonLAR,120.2,120.2,—,—,—,—
120,George KittleSF,121.1,121.1,—,—,—,—
121,Brian Robinson Jr.ATL,122.2,122.2,—,—,—,—
122,Juwan JohnsonNO,123.6,123.6,—,—,—,—
123,Brenton StrangeJAX,125,125,—,—,—,—
124,Wan'Dale RobinsonTEN,125,125,—,—,—,—
125,Travis KelceKC,126.1,126.1,—,—,—,—
126,Michael Pittman Jr.PIT,127,127,—,—,—,—
127,Kenyon SadiqNYJ,128.2,128.2,—,—,—,—
128,Quentin JohnstonLAC,129.2,129.2,—,—,—,—
129,Aaron Jones Sr.MIN,130.8,130.8,—,—,—,—
130,Kenneth GainwellTB,131.2,131.2,—,—,—,—
131,Isaiah LikelyNYG,132.9,132.9,—,—,—,—
132,Stefon Diggs,133,133,—,—,—,—
133,Tyler AllgeierARI,134.3,134.3,—,—,—,—
134,Romeo DoubsNE,135.8,135.8,—,—,—,—
135,James ConnerARI,136.9,136.9,—,—,—,—
136,Jayden ReedGB,137.3,137.3,—,—,—,—
137,Jacory Croskey-MerrittWSH,138.5,138.5,—,—,—,—
138,Khalil ShakirBUF,140,140,—,—,—,—
139,Xavier WorthyKC,141,141,—,—,—,—
140,Jauan JenningsMIN,141,141,—,—,—,—
141,Jadarian PriceSEA,143,143,—,—,—,—
142,AJ BarnerSEA,143,143,—,—,—,—
143,Zach CharbonnetSEA,145,145,—,—,—,—
144,Tua TagovailoaATL,146,146,—,—,—,—
145,Jayden HigginsHOU,146.7,146.7,—,—,—,—
146,T.J. HockensonMIN,148,148,—,—,—,—
147,Woody MarksHOU,148.8,148.8,—,—,—,—
148,K.C. ConcepcionCLE,149.9,149.9,—,—,—,—
149,Michael Penix Jr.ATL,150.4,150.4,—,—,—,—
150,J.J. McCarthyMIN,151.5,151.5,—,—,—,—
151,David NjokuLAC,152.8,152.8,—,—,—,—
152,Jalen CokerCAR,153.2,153.2,—,—,—,—
153,Tyrone Tracy Jr.NYG,154.4,154.4,—,—,—,—
154,Jordan MasonMIN,155.4,155.4,—,—,—,—
155,Josh DownsIND,156.2,156.2,—,—,—,—
156,Emmett JohnsonKC,157.6,157.6,—,—,—,—
157,Colby ParkinsonLAR,158.1,158.1,—,—,—,—
158,Jacoby BrissettARI,159.6,159.6,—,—,—,—
159,Chig OkonkwoWSH,161,161,—,—,—,—
160,Trey BensonARI,161,161,—,—,—,—
161,Shedeur SandersCLE,162,162,—,—,—,—
162,Mason TaylorNYJ,163.4,163.4,—,—,—,—
163,Jonah ColemanDEN,164.1,164.1,—,—,—,—
164,Eli StowersPHI,165.2,165.2,—,—,—,—
165,Alvin KamaraNO,166.1,166.1,—,—,—,—
166,Terrance FergusonLAR,167,167,—,—,—,—
167,Tyjae SpearsTEN,168,168,—,—,—,—
168,Rachaad WhiteWSH,169.1,169.1,—,—,—,—
169,Theo JohnsonNYG,170.6,170.6,—,—,—,—
170,Tyreek Hill,171,171,—,—,—,—
171,Cade OttonTB,173,173,—,—,—,—
172,Deebo Samuel,173.4,173.4,—,—,—,—
173,Omar Cooper Jr.NYJ,174.5,174.5,—,—,—,—
174,Dylan SampsonCLE,175.8,175.8,—,—,—,—
175,Gunnar HelmTEN,176.4,176.4,—,—,—,—
176,Denzel BostonCLE,177.9,177.9,—,—,—,—
177,Antonio WilliamsWSH,179.8,179.8,—,—,—,—
178,Travis HunterJAX,180.4,180.4,—,—,—,—
179,Mac JonesSF,181,181,—,—,—,—
180,Anthony Richardson Sr.IND,182.2,182.2,—,—,—,—
181,Matthew GoldenGB,184,184,—,—,—,—
182,Jerry JeudyCLE,185,185,—,—,—,—
183,Braelon AllenNYJ,185.4,185.4,—,—,—,—
184,Geno SmithNYJ,186.5,186.5,—,—,—,—
185,Rashid ShaheedSEA,187.2,187.2,—,—,—,—
186,Adonai MitchellNYJ,188.2,188.2,—,—,—,—
187,Kayshon BoutteNE,189.7,189.7,—,—,—,—
188,Mike Washington Jr.LV,190.6,190.6,—,—,—,—
189,Jalen McMillanTB,192,192,—,—,—,—
190,Kimani VidalLAC,193,193,—,—,—,—
191,Chris Rodriguez Jr.JAX,193.8,193.8,—,—,—,—
192,Jonathon BrooksCAR,194.1,194.1,—,—,—,—
193,Troy FranklinDEN,195.2,195.2,—,—,—,—
194,Pat BryantDEN,196.1,196.1,—,—,—,—
195,Tank BigsbyPHI,197.7,197.7,—,—,—,—
196,Chimere DikeTEN,199,199,—,—,—,—
197,Keaton MitchellLAC,199.2,199.2,—,—,—,—
198,Brandon AiyukSF,200,200,—,—,—,—
199,Isiah PachecoDET,201.4,201.4,—,—,—,—
200,Jake TongesSF,202.4,202.4,—,—,—,—
201,Sean TuckerTB,204,204,—,—,—,—
202,Tre HarrisLAC,204.8,204.8,—,—,—,—
203,Calvin RidleyTEN,205.3,205.3,—,—,—,—
204,Kaytron AllenWSH,206.7,206.7,—,—,—,—
205,Ja'Kobi LaneBAL,207.3,207.3,—,—,—,—
206,Isaac TeSlaaDET,209,209,—,—,—,—
207,Elic AyomanorTEN,210,210,—,—,—,—
208,Emanuel WilsonSEA,210.4,210.4,—,—,—,—
209,Joe Mixon,211.2,211.2,—,—,—,—
210,Zachariah BranchATL,212.8,212.8,—,—,—,—
211,Tank DellHOU,213.9,213.9,—,—,—,—
212,Tre TuckerLV,214.2,214.2,—,—,—,—
213,Justin FieldsKC,216,216,—,—,—,—
214,Garrett NussmeierKC,216.2,216.2,—,—,—,—
215,Ray DavisBUF,217.1,217.1,—,—,—,—
216,Nicholas SingletonTEN,218.9,218.9,—,—,—,—
217,Aaron RodgersPIT,219.9,219.9,—,—,—,—
218,Devin NealNO,220.1,220.1,—,—,—,—
219,Najee Harris,221.2,221.2,—,—,—,—
220,Jaylin NoelHOU,222.4,222.4,—,—,—,—
221,Jaylen WrightMIA,223.3,223.3,—,—,—,—
222,Kaleb JohnsonPIT,224.7,224.7,—,—,—,—
223,Demond ClaiborneMIN,225.8,225.8,—,—,—,—
224,Marvin Mims Jr.DEN,226.8,226.8,—,—,—,—
225,Jalen MilroeSEA,227.2,227.2,—,—,—,—
226,Germie BernardPIT,228.4,228.4,—,—,—,—
227,Darnell MooneyNYG,229.7,229.7,—,—,—,—
228,Kyle WilliamsNE,230.1,230.1,—,—,—,—
229,Ted HurstTB,231.3,231.3,—,—,—,—
230,Kendre MillerNO,233,233,—,—,—,—
231,Jalen NailorLV,233.1,233.1,—,—,—,—
232,Brashard SmithKC,234.7,234.7,—,—,—,—
233,Ryan FlournoyDAL,235.5,235.5,—,—,—,—
234,Tory HortonSEA,236.8,236.8,—,—,—,—
235,Kirk CousinsLV,237.7,237.7,—,—,—,—
236,Elijah SarrattBAL,238.5,238.5,—,—,—,—
237,Chris Brazzell IICAR,240,240,—,—,—,—
238,Will HowardPIT,240.9,240.9,—,—,—,—
239,Chris BellMIA,241.9,241.9,—,—,—,—
240,Rashod BatemanBAL,242.8,242.8,—,—,—,—
241,Keenan Allen,243.3,243.3,—,—,—,—
242,Keon ColemanBUF,244,244,—,—,—,—
243,Cooper KuppSEA,245.5,245.5,—,—,—,—
244,Jaydon BlueDAL,246.4,246.4,—,—,—,—
245,Audric EstimeNO,247.1,247.1,—,—,—,—
246,Jack BechLV,248.9,248.9,—,—,—,—
247,Devaughn VeleNO,249.1,249.1,—,—,—,—
248,Jarquez HunterLAR,250.6,250.6,—,—,—,—
249,Christian KirkSF,251.1,251.1,—,—,—,—
250,Malachi FieldsNYG,252,252,—,—,—,—
251,Max KlareLAR,253.8,253.8,—,—,—,—
252,Michael TriggDAL,254.9,254.9,—,—,—,—
253,Quinn EwersMIA,258.6,258.6,—,—,—,—
254,Deshaun WatsonCLE,260.4,260.4,—,—,—,—
255,Cade KlubnikNYJ,275.6,275.6,—,—,—,—
256,Marcus MariotaWSH,276.1,276.1,—,—,—,—
257,Riley LeonardIND,277,277,—,—,—,—
258,Jameis WinstonNYG,295.8,295.8,—,—,—,—
259,Joe Milton IIIDAL,298,298,—,—,—,—
260,Tyson BagentCHI,298.5,298.5,—,—,—,—
261,Carson BeckARI,310.1,310.1,—,—,—,—