1,Ja'Marr ChaseCIN
2,Bijan RobinsonATL
3,Jahmyr GibbsDET
4,Puka NacuaLAR
5,Jaxon Smith-NjigbaSEA
6,Amon-Ra St. BrownDET
7,Malik NabersNYG
8,Justin JeffersonMIN
9,Ashton JeantyLV
10,CeeDee LambDAL
11,Brock BowersLV
12,Jeremiyah LoveARI
13,Josh AllenBUF
14,Drake LondonATL
15,De'Von AchaneMIA
16,Drake MayeNE
17,Omarion HamptonLAC
18,Trey McBrideARI
19,Tetairoa McMillanCAR
20,Jonathan TaylorIND
21,James CookBUF
22,Nico CollinsHOU
23,George PickensDAL
24,Jayden DanielsWSH
25,Lamar JacksonBAL
26,Emeka EgbukaTB
27,Chris OlaveNO
28,Joe BurrowCIN
29,Colston LovelandCHI
30,Garrett WilsonNYJ
31,Ladd McConkeyLAC
32,Kenneth Walker IIIKC
33,Carnell TateTEN
34,Chase BrownCIN
35,Breece HallNYJ
36,Tyler WarrenIND
37,Jalen HurtsPHI
38,Luther Burden IIICHI
39,TreVeyon HendersonNE
40,Jordyn TysonNO
41,Rashee RiceKC
42,A.J. BrownNE
43,Christian McCaffreySF
44,Rome OdunzeCHI
45,Harold Fannin Jr.CLE
46,Quinshon JudkinsCLE
47,Zay FlowersBAL
48,Tee HigginsCIN
49,Patrick MahomesKC
50,Caleb WilliamsCHI
51,Saquon BarkleyPHI
52,Makai LemonPHI
53,Tucker KraftGB
54,Marvin Harrison Jr.ARI
55,DeVonta SmithPHI
56,Justin HerbertLAC
57,Bucky IrvingTB
58,Brian Thomas Jr.JAX
59,Jaylen WaddleDEN
60,Jameson WilliamsDET
61,Kyren WilliamsLAR
62,Sam LaPortaDET
63,Jaxson DartNYG
64,Trevor LawrenceJAX
65,Travis Etienne Jr.NO
66,Kyle Pitts Sr.ATL
67,Javonte WilliamsDAL
68,Cam SkatteboNYG
69,Bo NixDEN
70,Jadarian PriceSEA
71,Brock PurdySF
72,K.C. ConcepcionCLE
73,Josh JacobsGB
74,Christian WatsonGB
75,Derrick HenryBAL
76,Alec PierceIND
77,Jordan AddisonMIN
78,DJ MooreBUF
79,Kenyon SadiqNYJ
80,Terry McLaurinWSH
81,Omar Cooper Jr.NYJ
82,Michael WilsonARI
83,Bhayshul TutenJAX
84,Oronde Gadsden IILAC
85,D'Andre SwiftCHI
86,Wan'Dale RobinsonTEN
87,RJ HarveyDEN
88,Ricky PearsallSF
89,Dalton KincaidBUF
90,DK MetcalfPIT
91,Davante AdamsLAR
92,David MontgomeryHOU
93,Parker WashingtonJAX
94,Jake FergusonDAL
95,Dak PrescottDAL
96,Jayden HigginsHOU
97,Denzel BostonCLE
98,Mike EvansSF
99,Michael Pittman Jr.PIT
100,George KittleSF
101,Eli StowersPHI
102,Kyle MonangaiCHI
103,Brenton StrangeJAX
104,Baker MayfieldTB
105,Courtland SuttonDEN
106,Isaiah LikelyNYG
107,Fernando MendozaLV
108,Travis HunterJAX
109,Matthew GoldenGB
110,Jaylen WarrenPIT
111,Xavier WorthyKC
112,Quentin JohnstonLAC
113,Josh DownsIND
114,Zach CharbonnetSEA
115,Jakobi MeyersJAX
116,Chuba HubbardCAR
117,Jayden ReedGB
118,Blake CorumLAR
119,Chris GodwinTB
120,C.J. StroudHOU
121,Jordan LoveGB
122,Romeo DoubsNE
123,Chris BellMIA
124,Rhamondre StevensonNE
125,Rico DowdlePIT
126,Jalen CokerCAR
127,Khalil ShakirBUF
128,Jared GoffDET
129,Germie BernardPIT
130,Jonah ColemanDEN
131,Tyler AllgeierARI
132,Jonathon BrooksCAR
133,Mark AndrewsBAL
134,AJ BarnerSEA
135,Jalen McMillanTB
136,J.K. DobbinsDEN
137,Kenneth GainwellTB
138,Dallas GoedertPHI
139,Juwan JohnsonNO
140,Antonio WilliamsWSH
141,Jacory Croskey-MerrittWSH
142,Tony PollardTEN
143,Woody MarksHOU
144,Jauan JenningsMIN
145,Tre HarrisLAC
146,Chig OkonkwoWSH
147,Brandon AiyukSF
148,Matthew StaffordLAR
149,Rashid ShaheedSEA
150,Elijah SarrattBAL
151,Daniel JonesIND
152,Terrance FergusonLAR
153,Travis KelceKC
154,Sam DarnoldSEA
155,De'Zhaun Stribling
156,Chris Brazzell IICAR
157,T.J. HockensonMIN
158,Michael Penix Jr.ATL
159,Rachaad WhiteWSH
160,Mason TaylorNYJ
161,Ty SimpsonLAR
162,Jordan MasonMIN
163,Zachariah BranchATL
164,Tyrone Tracy Jr.NYG
165,Gunnar HelmTEN
166,Emmett JohnsonKC
167,Nicholas SingletonTEN
168,Bryce YoungCAR
169,Pat BryantDEN
170,Troy FranklinDEN
171,Hunter HenryNE
172,Kayshon BoutteNE
173,Jaylin NoelHOU
174,Ted HurstTB
175,Jerry JeudyCLE
176,Cameron WardTEN
177,Stefon Diggs
178,Dylan SampsonCLE
179,Kyler MurrayMIN
180,Dalton SchultzHOU
181,Adonai MitchellNYJ
182,Malachi FieldsNYG
183,Isaac TeSlaaDET
184,Eli Raridon
185,Tyler ShoughNO
186,Chimere DikeTEN
187,Deebo Samuel
188,Tyjae SpearsTEN
189,Braelon AllenNYJ
190,David NjokuLAC
191,Elic AyomanorTEN
192,Aaron Jones Sr.MIN
193,Ja'Kobi LaneBAL
194,Skyler BellBUF
195,Tyreek Hill
196,Pat FreiermuthPIT
197,Chris Rodriguez Jr.JAX
198,Theo JohnsonNYG
199,Trey BensonARI
200,Isiah PachecoDET
201,Tank BigsbyPHI
202,Tank DellHOU
203,Cade OttonTB
204,Max KlareLAR
205,Kyle WilliamsNE
206,Jack BechLV
207,Keaton MitchellLAC
208,Kaleb JohnsonPIT
209,Mike Washington Jr.LV
210,Jalen NailorLV
211,Brian Robinson Jr.ATL
212,Kimani VidalLAC
213,Oscar DelpNO
214,Kaytron AllenWSH
215,Keon ColemanBUF
216,Greg DulcichMIA
217,Tory HortonSEA
218,Elijah ArroyoSEA
219,Bryce Lance
220,J.J. McCarthyMIN
221,Emanuel WilsonSEA
222,Alvin KamaraNO
223,Malik WashingtonMIA
224,Darnell MooneyNYG
225,Tre TuckerLV
226,Michael MayerLV
227,Brenen ThompsonLAC
228,Aaron RodgersPIT
229,Ollie Gordon IIMIA
230,James ConnerARI
231,Dontayvion WicksPHI
232,Ray DavisBUF
233,Jake TongesSF
234,Kevin Coleman Jr.MIA
235,Demond ClaiborneMIN
236,Calvin RidleyTEN
237,Ryan FlournoyDAL
238,Le'Veon Moss
239,Malik WillisMIA
240,Sean TuckerTB
241,Devin NealNO
242,Marvin Mims Jr.DEN
243,Shedeur SandersCLE
244,Jalen MilroeSEA
245,Kaelon Black
246,Adam RandallBAL
247,Jaylen WrightMIA
248,Tez JohnsonTB
249,Jaydon BlueDAL
250,Tua TagovailoaATL
251,Kirk CousinsLV
252,Xavier LegetteCAR
253,Rashod BatemanBAL
254,Deshaun WatsonCLE
255,Carson BeckARI
256,Colby ParkinsonLAR
257,Justin JolyDEN
258,Anthony Richardson Sr.IND
259,Isaiah BondCLE
260,Christian KirkSF
261,Evan EngramDEN
262,Jordan JamesSF
263,Ja'Tavion SandersCAR
264,Hollywood BrownPHI
265,Will HowardPIT
266,Devaughn VeleNO
267,Cedric TillmanCLE
268,Najee Harris
269,DeMario DouglasNE
270,DJ GiddensIND
271,Brashard SmithKC
272,Ben SinnottWSH
273,Jalen RoyalsKC
274,Cole KmetCHI
275,MarShawn LloydGB
276,Quinn EwersMIA
277,Mike GesickiCIN
278,Darnell WashingtonPIT
279,C.J. DanielsLAR
280,Geno SmithNYJ
281,Eli Heidenreich
282,Cooper KuppSEA
283,Noah ThomasCIN
284,Dane KeyDEN
285,Michael TriggDAL
286,Deion BurksIND
287,Isaiah DavisNYJ
288,Marcus MariotaWSH
289,Drew AllarPIT
290,Sam RoushCHI
291,Keenan Allen
292,Trebor PenaJAX
293,Spencer RattlerNO
294,Konata MumpfieldLAR
295,Dont'e Thornton Jr.LV
296,LeQuint Allen Jr.JAX
297,Tyquan ThorntonKC
298,Cade KlubnikNYJ
299,Eric McAlister
300,Chris BrooksGB
301,Kendre MillerNO
302,Aaron AndersonCLE
303,Caleb DouglasMIA
304,Seth McGowan
305,Jam MillerNE
306,Joe Mixon
307,Robert Henry Jr.
308,Jacoby BrissettARI
309,Josh CameronJAX
310,Eric RiversTB
311,Garrett NussmeierKC
312,Trevor EtienneCAR
313,Andrei IosivasCIN
314,Jahan DotsonATL
315,Justin FieldsKC
316,J'Mari TaylorJAX
317,Jameis WinstonNYG
318,Jack EndriesCIN
319,Charlie KolarLAC
320,Jalen TolbertMIA
321,Riley LeonardIND
322,Darius SlaytonNYG
323,Mac JonesSF
324,Jeff CaldwellKC
325,John Michael GyllenborgKC
326,Jarquez HunterLAR
327,Joe Milton IIIDAL
328,Tyson BagentCHI
329,Noah GrayKC
330,Marlin KleinHOU
331,Luke McCaffreyWSH
332,Reggie VirgilARI
333,Tahj BrooksCIN
334,Calvin Austin IIINYG
335,Ja'Lynn PolkNO
336,Savion WilliamsGB
337,Dae'Quan WrightPHI
338,Jonnu Smith
339,Gardner MinshewARI
340,Devin SingletaryNYG
341,Samaje PerineCIN
342,Tanner Koziol
343,Roman Hemby
344,Jaylin LaneWSH
345,CJ DonaldsonNO
346,Isaac GuerendoSF
347,Joe FlaccoCIN
348,Dean ConnorsLAR
349,Desmond ReidBUF
350,Rahsul Faison
351,Davis MillsHOU
352,Jerome FordWSH
353,Will ShipleyPHI
354,Tutu AtwellMIA
355,Dawson KnoxBUF
356,Justice HillBAL
357,Tanner McKeePHI
358,Cyrus Allen
359,Barion Brown
360,Audric EstimeNO
361,Joshua PalmerBUF
362,KeAndre Lambert-SmithLAC
363,Emari DemercadoKC
364,Taylen GreenCLE
365,Jordan WhittingtonLAR
366,Cole PaytonPHI
367,Miller MossCHI
368,Luke AltmyerDET