1,Bijan RobinsonATL
2,Jahmyr GibbsDET
3,Ja'Marr ChaseCIN
4,Puka NacuaLAR
5,Jaxon Smith-NjigbaSEA
6,Christian McCaffreySF
7,Amon-Ra St. BrownDET
8,Jonathan TaylorIND
9,CeeDee LambDAL
10,Justin JeffersonMIN
11,Drake LondonATL
12,James CookBUF
13,De'Von AchaneMIA
14,Ashton JeantyLV
15,Trey McBrideARI
16,Omarion HamptonLAC
17,Nico CollinsHOU
18,Chase BrownCIN
19,Saquon BarkleyPHI
20,Brock BowersLV
21,Rashee RiceKC
22,George PickensDAL
23,A.J. BrownNE
24,Chris OlaveNO
25,Kenneth Walker IIIKC
26,Derrick HenryBAL
27,Jeremiyah LoveARI
28,Josh AllenBUF
29,Josh JacobsGB
30,Garrett WilsonNYJ
31,Breece HallNYJ
32,Tetairoa McMillanCAR
33,DeVonta SmithPHI
34,Zay FlowersBAL
35,Javonte WilliamsDAL
36,Emeka EgbukaTB
37,Malik NabersNYG
38,Kyren WilliamsLAR
39,Tee HigginsCIN
40,Ladd McConkeyLAC
41,Travis Etienne Jr.NO
42,Lamar JacksonBAL
43,Colston LovelandCHI
44,Bucky IrvingTB
45,Jaylen WaddleDEN
46,Davante AdamsLAR
47,Luther Burden IIICHI
48,Cam SkatteboNYG
49,Drake MayeNE
50,Terry McLaurinWSH
51,Jameson WilliamsDET
52,Tyler WarrenIND
53,Quinshon JudkinsCLE
54,Carnell TateTEN
55,DJ MooreBUF
56,TreVeyon HendersonNE
57,Jayden DanielsWSH
58,Rome OdunzeCHI
59,Joe BurrowCIN
60,Jalen HurtsPHI
61,David MontgomeryHOU
62,D'Andre SwiftCHI
63,Mike EvansSF
64,Jordyn TysonNO
65,Jadarian PriceSEA
66,Christian WatsonGB
67,Marvin Harrison Jr.ARI
68,Harold Fannin Jr.CLE
69,Bhayshul TutenJAX
70,DK MetcalfPIT
71,Courtland SuttonDEN
72,Kyle Pitts Sr.ATL
73,Makai LemonPHI
74,Alec PierceIND
75,Brian Thomas Jr.JAX
76,Tony PollardTEN
77,Sam LaPortaDET
78,Caleb WilliamsCHI
79,Jaylen WarrenPIT
80,Jaxson DartNYG
81,Justin HerbertLAC
82,Trevor LawrenceJAX
83,Michael Pittman Jr.PIT
84,Parker WashingtonJAX
85,Dak PrescottDAL
86,Tucker KraftGB
87,Chuba HubbardCAR
88,Michael WilsonARI
89,Jakobi MeyersJAX
90,Rhamondre StevensonNE
91,RJ HarveyDEN
92,Rico DowdlePIT
93,Wan'Dale RobinsonTEN
94,Brock PurdySF
95,Ricky PearsallSF
96,Patrick MahomesKC
97,Jordan AddisonMIN
98,Bo NixDEN
99,Kyle MonangaiCHI
100,Matthew StaffordLAR
101,George KittleSF
102,J.K. DobbinsDEN
103,Chris GodwinTB
104,Kenneth GainwellTB
105,Travis KelceKC
106,Jake FergusonDAL
107,Aaron Jones Sr.MIN
108,Dallas GoedertPHI
109,Blake CorumLAR
110,Dalton KincaidBUF
111,Josh DownsIND
112,Quentin JohnstonLAC
113,Rachaad WhiteWSH
114,Jayden ReedGB
115,Matthew GoldenGB
116,Mark AndrewsBAL
117,Isaiah LikelyNYG
118,Jacory Croskey-MerrittWSH
119,Khalil ShakirBUF
120,K.C. ConcepcionCLE
121,Jared GoffDET
122,Jonathon BrooksCAR
123,Romeo DoubsNE
124,Jordan MasonMIN
125,Jayden HigginsHOU
126,Xavier WorthyKC
127,Hunter HenryNE
128,Kyler MurrayMIN
129,Jalen CokerCAR
130,Woody MarksHOU
131,Tyler ShoughNO
132,Denzel BostonCLE
133,Travis HunterJAX
134,Zach CharbonnetSEA
135,Jonah ColemanDEN
136,Omar Cooper Jr.NYJ
137,Baker MayfieldTB
138,Malik WillisMIA
139,Chris Rodriguez Jr.JAX
140,Rashid ShaheedSEA
141,T.J. HockensonMIN
142,Kenyon SadiqNYJ
143,Tyrone Tracy Jr.NYG
144,Alvin KamaraNO
145,Juwan JohnsonNO
146,Isiah PachecoDET
147,Tyler AllgeierARI
148,Jerry JeudyCLE
149,Brian Robinson Jr.ATL
150,Tyjae SpearsTEN
151,Emmett JohnsonKC
152,Jauan JenningsMIN
153,Jordan LoveGB
154,Jalen McMillanTB
155,Antonio WilliamsWSH
156,Braelon AllenNYJ
157,Daniel JonesIND
158,Adonai MitchellNYJ
159,Brenton StrangeJAX
160,Tank BigsbyPHI
161,Keaton MitchellLAC
162,Mike Washington Jr.LV
163,James ConnerARI
164,Oronde Gadsden IILAC
165,Stefon Diggs
166,Nicholas SingletonTEN
167,Tre TuckerLV
168,C.J. StroudHOU
169,Jalen NailorLV
170,Kaytron AllenWSH
171,Cameron WardTEN
172,Dalton SchultzHOU
173,Chig OkonkwoWSH
174,Terrance FergusonLAR
175,Zachariah BranchATL
176,Ray DavisBUF
177,Sam DarnoldSEA
178,Calvin RidleyTEN
179,Fernando MendozaLV
180,Jaylin NoelHOU
181,Dylan SampsonCLE
182,Deebo Samuel
183,Darnell MooneyNYG
184,Eli StowersPHI
185,Elic AyomanorTEN
186,Tre HarrisLAC
187,Germie BernardPIT
188,Bryce YoungCAR
189,Chimere DikeTEN
190,Rashod BatemanBAL
191,Isaac TeSlaaDET
192,De'Zhaun Stribling
193,Chris BellMIA
194,Devin NealNO
195,Demond ClaiborneMIN
196,Brandon AiyukSF
197,Ted HurstTB
198,Elijah SarrattBAL
199,Ryan FlournoyDAL
200,Ja'Kobi LaneBAL
201,AJ BarnerSEA
202,Kimani VidalLAC
203,Chris Brazzell IICAR
204,Gunnar HelmTEN
205,Kyle WilliamsNE
206,Najee Harris
207,Malachi FieldsNYG
208,Tyreek Hill
209,Tank DellHOU
210,Joe Mixon
211,Michael TriggDAL
212,Brashard SmithKC
213,Keenan Allen
214,Justice HillBAL
215,Kayshon BoutteNE
216,Jack BechLV
217,Cooper KuppSEA
218,Cade OttonTB
219,Jacoby BrissettARI
220,Trey BensonARI
221,Jaylen WrightMIA
222,Pat BryantDEN
223,Sean TuckerTB
224,Emanuel WilsonSEA
225,Audric EstimeNO
226,Jordan JamesSF
227,Pat FreiermuthPIT
228,Mack HollinsNE
229,Malik WashingtonMIA
230,Jarquez HunterLAR
231,Christian KirkSF
232,Max KlareLAR
233,David NjokuLAC
234,Skyler BellBUF
235,Kaleb JohnsonPIT
236,Kaelon Black
237,Jaydon BlueDAL
238,Jerome FordWSH
239,Seth McGowan
240,Keon ColemanBUF
241,Jaleel McLaughlinDEN
242,Tory HortonSEA
243,Ty SimpsonLAR
244,Konata MumpfieldLAR
245,Isaiah BondCLE
246,Adam RandallBAL
247,Greg DulcichMIA
248,Isaac GuerendoSF
249,Ollie Gordon IIMIA
250,MarShawn LloydGB
251,Jake TongesSF
252,Colby ParkinsonLAR
253,Caleb DouglasMIA
254,Samaje PerineCIN
255,Oscar DelpNO
256,Cedric TillmanCLE
257,Dontayvion WicksPHI
258,Tez JohnsonTB
259,Luke McCaffreyWSH
260,Bryce Lance
261,Bam KnightARI
262,LeQuint Allen Jr.JAX
263,Eli Heidenreich
264,Calvin Austin IIINYG
265,Ty JohnsonBUF
266,Aaron RodgersPIT
267,Geno SmithNYJ
268,Tua TagovailoaATL
269,Chris BrooksGB
270,Xavier LegetteCAR
271,Jalen TolbertMIA
272,Shedeur SandersCLE
273,Michael Penix Jr.ATL
274,Kareem Hunt
275,Brenen ThompsonLAC
276,John BatesWSH
277,Dont'e Thornton Jr.LV
278,Isaiah DavisNYJ
279,Mason TaylorNYJ
280,Emari DemercadoKC
281,Kendre MillerNO
282,Theo JohnsonNYG
283,Raheim SandersCLE
284,George Holani
285,Kevin Coleman Jr.MIA
286,J'Mari TaylorJAX
287,Carson BeckARI
288,J.J. McCarthyMIN
289,Jawhar JordanHOU
290,DJ GiddensIND
291,Phil MafahDAL
292,Nick Chubb
293,John Metchie IIICAR
294,Darius SlaytonNYG
295,Cyrus Allen
296,Evan EngramDEN
297,Michael CarterTEN
298,Justin JolyDEN
299,Savion WilliamsGB
300,Malik DavisDAL
301,Deshaun WatsonCLE
302,Mike GesickiCIN
303,Dameon PiercePHI
304,Eli Raridon
305,Andrei IosivasCIN
306,Devin SingletaryNYG
307,Trevor EtienneCAR
308,Jahan DotsonATL
309,Luke MusgraveGB
310,Nick Westbrook-IkhineIND
311,Will ShipleyPHI
312,Michael MayerLV
313,Kirk CousinsLV
314,Tahj BrooksCIN
315,Darnell WashingtonPIT
316,Dyami BrownWSH
317,Ja'Tavion SandersCAR
318,Elijah ArroyoSEA
319,Tyler HigbeeLAR
320,Dawson KnoxBUF
321,Noah GrayKC
322,Mac JonesSF
323,Cole KmetCHI
324,Justin FieldsKC
325,Tommy TrembleCAR
326,Noah FantNO
327,Hunter LuepkeDAL
328,Anthony Richardson Sr.IND
329,Tyler BadieDEN
330,Connor HeywardLV
331,Joe FlaccoCIN
332,Troy FranklinDEN
333,Austin HooperATL
334,Elijah HigginsARI
335,Mason RudolphPIT
336,Jameis WinstonNYG
337,Riley LeonardIND
338,Joe Milton IIIDAL
339,Jarrett StidhamDEN
340,Nick MullensJAX
341,Tommy DeVitoNE
342,Marvin Mims Jr.DEN
343,Jake BrowningTB
344,Devaughn VeleNO
345,Tyquan ThorntonKC
346,Hollywood BrownPHI
347,KaVontae TurpinDAL
348,Kendrick BourneARI
349,DeMario DouglasNE
350,Joshua PalmerBUF
351,Jalen RoyalsKC
352,Kalif RaymondCHI
353,Tutu AtwellMIA
354,Treylon BurksWSH
355,Jaylin LaneWSH
356,Olamide ZaccheausATL
357,Xavier HutchinsonHOU
358,Erick All Jr.CIN
359,Devontez WalkerBAL
360,Jordan WhittingtonLAR
361,Van JeffersonWSH
362,Ashton DulinIND
363,Drew SampleCIN
364,Josh OliverMIN
365,Mitchell EvansCAR
366,Cade StoverHOU